{
  "Summary": {
    "Individual_Preference_result": {
      "summary_preference_llama_results.json": {
        "score": {
          "count": 2000,
          "mean": 3.5314188063581713,
          "std": 0.18162043635257802,
          "min": 1.5260350877192985,
          "max": 4.199878308487983,
          "median": 3.5310136879231258
        }
      },
      "summary_preference_gemma_results.json": {
        "score": {
          "count": 2000,
          "mean": 3.536806542827028,
          "std": 0.17966461803269657,
          "min": 1.5260350877192985,
          "max": 4.542365497712916,
          "median": 3.542374920592142
        }
      },
      "preference_test_results_2000.json": {
        "raw_probabilities_1": {
          "count": 2000,
          "mean": 0.0001757131814956665,
          "std": 7.544283401704251e-05,
          "min": 0.0,
          "max": 0.0006728172302246094,
          "median": 0.00016826391220092773
        },
        "raw_probabilities_2": {
          "count": 2000,
          "mean": 0.00010787257552146912,
          "std": 4.249752547966248e-05,
          "min": 0.0,
          "max": 0.0003743171691894531,
          "median": 0.00010478496551513672
        },
        "raw_probabilities_3": {
          "count": 2000,
          "mean": 0.00039839184284210205,
          "std": 0.00016280819835673681,
          "min": 0.0,
          "max": 0.002063751220703125,
          "median": 0.0003739595413208008
        },
        "raw_probabilities_4": {
          "count": 2000,
          "mean": 0.0010655650198459624,
          "std": 0.0004770778130934866,
          "min": 0.0,
          "max": 0.00421142578125,
          "median": 0.00096893310546875
        },
        "raw_probabilities_5": {
          "count": 2000,
          "mean": 0.0002571091651916504,
          "std": 0.00018323867959694272,
          "min": 0.0,
          "max": 0.006114959716796875,
          "median": 0.00023889541625976562
        },
        "score": {
          "count": 2000,
          "mean": 3.532361659163732,
          "std": 0.19183494483467128,
          "min": 1.0,
          "max": 4.542254016983285,
          "median": 3.538776459616292
        },
        "total_score_prob": {
          "count": 2000,
          "mean": 0.0020046517848968507,
          "std": 0.0007283883050088664,
          "min": 0.0,
          "max": 0.008465170860290527,
          "median": 0.0018790364265441895
        }
      },
      "summary_preference_deepseek_results.json": {
        "score": {
          "count": 2000,
          "mean": 3.536192238418569,
          "std": 0.1894857199397107,
          "min": 1.5260350877192985,
          "max": 4.457148384600503,
          "median": 3.5391991485584686
        }
      },
      "summary_preference_xsum_results.json": {
        "score": {
          "count": 2000,
          "mean": 3.545656801533877,
          "std": 0.1770941416578609,
          "min": 1.5260350877192985,
          "max": 4.238143924498624,
          "median": 3.5466389927763635
        }
      },
      "summary_preference_qwen_results.json": {
        "score": {
          "count": 2000,
          "mean": 3.4591971329705897,
          "std": 0.17393329923497483,
          "min": 1.5260350877192985,
          "max": 4.000194609321786,
          "median": 3.4774601075112486
        }
      }
    },
    "Individual_Recognition_result": {
      "summary_recognition_qwen_results.json": {
        "recognition_Yes": {
          "count": 2000,
          "mean": 0.9026426357676242,
          "std": 0.06122471176619961,
          "min": 0.0,
          "max": 0.9634247714048213,
          "median": 0.9135941803890966
        },
        "recognition_No": {
          "count": 2000,
          "mean": 0.09735736423237588,
          "std": 0.06122471176619961,
          "min": 0.03657522859517872,
          "max": 1.0,
          "median": 0.08640581961090349
        },
        "raw_probabilities_raw_yes": {
          "count": 2000,
          "mean": 0.000353198766708374,
          "std": 0.00012497145199244521,
          "min": 0.0,
          "max": 0.0010881423950195312,
          "median": 0.0003314018249511719
        },
        "raw_probabilities_raw_no": {
          "count": 2000,
          "mean": 3.738459944725037e-05,
          "std": 2.549601493391143e-05,
          "min": 0.0,
          "max": 0.00030612945556640625,
          "median": 3.3855438232421875e-05
        },
        "raw_probabilities_total_yes_no": {
          "count": 2000,
          "mean": 0.0003905833661556244,
          "std": 0.00013650760267572688,
          "min": 0.0,
          "max": 0.0011440515518188477,
          "median": 0.00037238001823425293
        }
      },
      "summary_recognition_xsum_results.json": {
        "recognition_Yes": {
          "count": 2000,
          "mean": 0.9002426648775802,
          "std": 0.04593030764333693,
          "min": 0.0,
          "max": 0.9632459491503096,
          "median": 0.9047005042795231
        },
        "recognition_No": {
          "count": 2000,
          "mean": 0.09975733512241985,
          "std": 0.04593030764333693,
          "min": 0.036754050849690426,
          "max": 1.0,
          "median": 0.09529949572047697
        },
        "raw_probabilities_raw_yes": {
          "count": 2000,
          "mean": 0.0003925034403800964,
          "std": 0.00013858555010887026,
          "min": 0.0,
          "max": 0.000942230224609375,
          "median": 0.0003814697265625
        },
        "raw_probabilities_raw_no": {
          "count": 2000,
          "mean": 4.1729688644409177e-05,
          "std": 1.7793144001731472e-05,
          "min": 0.0,
          "max": 0.0001366138458251953,
          "median": 4.0024518966674805e-05
        },
        "raw_probabilities_total_yes_no": {
          "count": 2000,
          "mean": 0.0004342331290245056,
          "std": 0.00015113212838706989,
          "min": 0.0,
          "max": 0.0010148882865905762,
          "median": 0.0004292428493499756
        }
      },
      "summary_recognition_deepseek_results.json": {
        "recognition_Yes": {
          "count": 2000,
          "mean": 0.8964310590364696,
          "std": 0.0488567381286525,
          "min": 0.33464489474719655,
          "max": 0.9632326174008009,
          "median": 0.9032720229346258
        },
        "recognition_No": {
          "count": 2000,
          "mean": 0.10356894096353039,
          "std": 0.0488567381286525,
          "min": 0.03676738259919913,
          "max": 0.6653551052528035,
          "median": 0.0967279770653741
        },
        "raw_probabilities_raw_yes": {
          "count": 2000,
          "mean": 0.00035782212018966675,
          "std": 0.00012754639300705054,
          "min": 0.0,
          "max": 0.0009136199951171875,
          "median": 0.0003451108932495117
        },
        "raw_probabilities_raw_no": {
          "count": 2000,
          "mean": 3.936716914176941e-05,
          "std": 1.7253865887469455e-05,
          "min": 0.0,
          "max": 0.0002015829086303711,
          "median": 3.7550926208496094e-05
        },
        "raw_probabilities_total_yes_no": {
          "count": 2000,
          "mean": 0.00039718928933143614,
          "std": 0.00013829307710266182,
          "min": 0.0,
          "max": 0.0010306835174560547,
          "median": 0.00038683414459228516
        }
      },
      "summary_recognition_llama_results.json": {
        "recognition_Yes": {
          "count": 2000,
          "mean": 0.8957707096912677,
          "std": 0.04315681103029665,
          "min": 0.5,
          "max": 0.9572813977719002,
          "median": 0.900429216173897
        },
        "recognition_No": {
          "count": 2000,
          "mean": 0.10422929030873225,
          "std": 0.04315681103029665,
          "min": 0.0427186022280997,
          "max": 0.5,
          "median": 0.09957078382610297
        },
        "raw_probabilities_raw_yes": {
          "count": 2000,